chromosome,start,end,ihs
1,0,50000,0.40518017073170726
1,10000,60000,0.37736276395348844
1,20000,70000,0.7955530711034483
1,30000,80000,0.8699819492432431
1,40000,90000,1.0035056929646018
1,50000,100000,1.1537164140663898
1,60000,110000,1.1232561431120331
1,70000,120000,0.9919076458558559
1,80000,130000,0.8816139330769232
1,90000,140000,0.6985560908474575
1,100000,150000,0.4701875335616439
1,110000,160000,0.366060813372093
1,120000,170000,0.33054052969696973
1,130000,180000,0.474349948019802
1,140000,190000,0.6305415363228699
1,150000,200000,0.7694424591836734
1,160000,210000,1.2089746537444932
1,170000,220000,1.2545872909578544
1,180000,230000,1.3510118633457249
1,190000,240000,1.263023355245283
1,200000,250000,1.2038390029600001
1,210000,260000,1.008765003766816
1,220000,270000,0.8685383703910615
1,230000,280000,0.61185546971831
1,240000,290000,0.7102166084415584
1,250000,300000,0.868284326506024
1,260000,310000,1.1038614274725276
1,270000,320000,1.1398715131979698
1,280000,330000,1.163269837704918
1,290000,340000,1.1562360337579616
1,300000,350000,1.0444538701388888
1,310000,360000,0.8257504149122805
1,320000,370000,0.8158667471264369
1,330000,380000,0.9467457976190475
1,340000,390000,0.9372163619012346
1,350000,400000,0.8702458224444443
1,360000,410000,0.7345496102333332
1,370000,420000,0.7727224041234568
1,380000,430000,0.7736529861190475
1,390000,440000,0.8293461309090908
1,400000,450000,0.8026125355752212
1,410000,460000,0.9257641727388536
1,420000,470000,1.0090481581222226
1,430000,480000,1.1278986620994413
1,440000,490000,1.2215954871948453
1,450000,500000,1.3128004485197915
1,460000,510000,1.3547003349474287
1,470000,520000,1.44836582754491
1,480000,530000,1.3595998729729728
1,490000,540000,0.6480197916230366
1,500000,550000,0.5147146717514124
1,510000,560000,0.292808766060606
1,520000,570000,0.005438350264550243
1,530000,580000,0.12119660852713177
1,540000,590000,0.35250078745247143
1,550000,600000,0.30627523103448273
1,560000,610000,0.11613058327137545
1,570000,620000,0.09299639276018094
1,580000,630000,-0.15393093661971832
1,590000,640000,-0.866486111764706
1,600000,650000,-0.9164136881355934
1,610000,660000,-0.2084764857142857
1,620000,670000,-0.03147901290322581
1,630000,680000,-0.06965717360000001
1,640000,690000,-0.05754526410256411
1,650000,700000,-0.03782005759162304
1,660000,710000,0.014660589473684213
1,670000,720000,0.12436073165137615
1,680000,730000,0.34770629371428563
1,690000,740000,0.4737910634146341
1,700000,750000,0.62248625323741
1,710000,760000,0.7717304753968255
1,720000,770000,0.8031096834710744
1,730000,780000,0.7001664140495868
1,740000,790000,0.501034576923077
1,750000,800000,0.043973416860465145
1,760000,810000,-0.15632738571428567
1,770000,820000,-0.4203372324528302
1,780000,830000,-0.4341433392280702
1,790000,840000,-0.4227433918021201
1,800000,850000,-0.2603713095207668
1,810000,860000,-0.06581236370572205
1,820000,870000,0.2165266761494253
1,830000,880000,0.4493029034267913
1,840000,890000,0.5619048486702128
1,850000,900000,0.9221251505747127
1,860000,910000,0.9836517507246378
1,870000,920000,0.8776566140314137
1,880000,930000,0.8303530065979381
1,890000,940000,0.7897816294550408
1,900000,950000,0.6626645343596731
1,910000,960000,0.6670693432485876
1,920000,970000,0.6535613443925233
1,930000,980000,0.7914528676785715
1,940000,990000,0.960159335433071
1,950000,1000000,1.0798727560150376
1,960000,1010000,0.9774752787985866
1,970000,1020000,0.9411488525547447
1,980000,1030000,0.6022792038348084
1,990000,1040000,0.5205447833846154
1,1000000,1050000,0.23260950882352943
1,1010000,1060000,0.375086229969419
1,1020000,1070000,0.4466613041800643
1,1030000,1080000,1.0301989749103941
1,1040000,1090000,1.1711140387392551
1,1050000,1100000,1.317334989442971
1,1060000,1110000,1.3108498960443038
1,1070000,1120000,1.247169705498525
1,1080000,1130000,0.9843372844493151
1,1090000,1140000,0.9087127828785048
1,1100000,1150000,0.9132782880943395
1,1110000,1160000,0.9932407658567334
1,1120000,1170000,0.9727766098724491
1,1130000,1180000,1.0366803096782178
1,1140000,1190000,0.9621012344266053
1,1150000,1200000,0.7825006126190477
1,1160000,1210000,0.6355780486915888
1,1170000,1220000,0.6596291581862744
1,1180000,1230000,0.5650493695212767
1,1190000,1240000,0.5467780909202454
1,1200000,1250000,0.9023611674509803
1,1210000,1260000,1.2474870411764705
1,1220000,1270000,1.3934983849765257
1,1230000,1280000,1.7389646541935484
1,1240000,1290000,1.7313336367647059
1,1250000,1300000,1.3725477685185186
1,1260000,1310000,1.0956506554455443
1,1270000,1320000,0.849333087821782
1,1280000,1330000,0.7184473997222223
1,1290000,1340000,0.8542583932520326
1,1300000,1350000,1.002979914047619
1,1310000,1360000,1.1986613428461539
1,1320000,1370000,1.286969942276423
1,1330000,1380000,1.266261414049587
1,1340000,1390000,1.2175027615384613
1,1350000,1400000,0.9902915496732027
1,1360000,1410000,0.8693299726708075
1,1370000,1420000,0.7057211141414139
1,1380000,1430000,0.4834517335019455
1,1390000,1440000,0.6122884668543046
1,1400000,1450000,0.6956423185633802
1,1410000,1460000,0.6894635080277777
1,1420000,1470000,0.7155457519321149
1,1430000,1480000,0.9714537894292804
1,1440000,1490000,0.892415313543307
1,1450000,1500000,0.7985567919117648
1,1460000,1510000,0.6959525154145079
1,1470000,1520000,0.6045719366751269
1,1480000,1530000,0.32552147259365993
1,1490000,1540000,0.2859483840184049
1,1500000,1550000,0.282616288530466
1,1510000,1560000,0.3166490117424242
1,1520000,1570000,0.4767851678571428
1,1530000,1580000,0.8394169893079585
1,1540000,1590000,0.8731874003363914
1,1550000,1600000,0.8280611145266333
1,1560000,1610000,0.7768485370879271
1,1570000,1620000,0.8281039601897675
1,1580000,1630000,0.73507765865258
1,1590000,1640000,0.8597964713952829
1,1600000,1650000,0.9583214161688313
1,1610000,1660000,1.0461233679950497
1,1620000,1670000,1.086642195
1,1630000,1680000,1.1517853932439024
1,1640000,1690000,1.0991123643490306
1,1650000,1700000,1.1390234002061856
1,1660000,1710000,1.270214627260274
1,1670000,1720000,1.0198527661349694
1,1680000,1730000,0.9060901046391753
1,1690000,1740000,0.8474011520454545
1,1700000,1750000,0.8630466794988609
1,1710000,1760000,0.8482301267942585
1,1720000,1770000,1.0962602623268698
1,1730000,1780000,1.417100034375
1,1740000,1790000,1.499247737671233
1,1750000,1800000,1.4955792920000002
1,1760000,1810000,1.5158830422727274
1,1770000,1820000,1.3738405405982905
1,1780000,1830000,1.0006824887850467
1,1790000,1840000,0.9107143952173913
1,1800000,1850000,0.7462288492481204
1,1810000,1860000,0.5726596993973684
1,1820000,1870000,0.3782007857893334
1,1830000,1880000,0.28780363852815016
1,1840000,1890000,0.23777346882991202
1,1850000,1900000,0.4164028407970588
1,1860000,1910000,0.7269606145973154
1,1870000,1920000,0.9635447125
1,1880000,1930000,1.1400600227739728
1,1890000,1940000,1.226075370031056
1,1900000,1950000,1.1948757426562502
1,1910000,1960000,1.216802615755627
1,1920000,1970000,1.0400881640939597
1,1930000,1980000,0.8973172776951673
1,1940000,1990000,0.7021496076335879
1,1950000,2000000,0.29406539398648646
1,1960000,2010000,-0.0791858710324484
1,1970000,2020000,0.061393983636363614
1,1980000,2030000,0.2792949676294278
1,1990000,2040000,0.5292444356010232
1,2000000,2050000,0.9135305771653542
1,2010000,2060000,1.235574575147929
1,2020000,2070000,1.1659512496987952
1,2030000,2080000,1.0793660518181818
1,2040000,2090000,0.7848618401683501
1,2050000,2100000,0.6323208367169811
1,2060000,2110000,0.573738923938053
1,2070000,2120000,0.6436687751612904
1,2080000,2130000,0.6426050859471366
1,2090000,2140000,0.7273148719838058
1,2100000,2150000,0.7636248788847584
1,2110000,2160000,0.7092632852046783
1,2120000,2170000,0.6621810570460704
1,2130000,2180000,0.6673303586898396
1,2140000,2190000,0.7511661046542554
1,2150000,2200000,0.7318382287371135
1,2160000,2210000,0.9705490147948718
1,2170000,2220000,1.100367249482289
1,2180000,2230000,1.19211765993994
1,2190000,2240000,1.310648236079734
1,2200000,2250000,1.532000652903226
1,2210000,2260000,1.6612043708994706
1,2220000,2270000,1.6418374322222222
1,2230000,2280000,1.7158499158536589
1,2240000,2290000,1.74149329929078
1,2250000,2300000,1.6865748917808219
1,2260000,2310000,1.574728394890511
1,2270000,2320000,1.517716612865497
1,2280000,2330000,1.2058912776106194
1,2290000,2340000,1.0439417137872342
1,2300000,2350000,0.8649298757538462
1,2310000,2360000,0.5591181528880157
1,2320000,2370000,0.41481126527881046
1,2330000,2380000,0.3794127728849558
1,2340000,2390000,0.5407035578548895
1,2350000,2400000,0.5542567891987674
1,2360000,2410000,0.6573751270036764
1,2370000,2420000,0.6775604892761904
1,2380000,2430000,0.7825603112391304
1,2390000,2440000,0.7134360970990565
1,2400000,2450000,0.7544252524932977
1,2410000,2460000,0.9280733213105414
1,2420000,2470000,1.036993193722826
1,2430000,2480000,0.9192736038802082
1,2440000,2490000,0.8634984749744898
1,2450000,2500000,0.9153548189276808
1,2460000,2510000,1.0457786050109408
1,2470000,2520000,1.0236687794238684
1,2480000,2530000,1.0831911093385214
1,2490000,2540000,1.146128673694779
1,2500000,2550000,1.2178092705756929
1,2510000,2560000,1.1749045226415096
1,2520000,2570000,1.2009730842385788
1,2530000,2580000,1.1928565925679013
1,2540000,2590000,1.1913149903544307
1,2550000,2600000,1.1434030307008087
1,2560000,2610000,1.1328427764220184
1,2570000,2620000,1.2806889364661656
1,2580000,2630000,1.4113012101604279
1,2590000,2640000,1.2486951383783782
1,2600000,2650000,1.043528361904762
1,2610000,2660000,1.002334207764706
1,2620000,2670000,0.9612499404301075
1,2630000,2680000,1.0235570986473428
1,2640000,2690000,1.1539448508133971
1,2650000,2700000,1.111486217789855
1,2660000,2710000,1.1667737336137072
1,2670000,2720000,1.1478574075226586
1,2680000,2730000,1.068797778076923
1,2690000,2740000,0.9452371592082112
1,2700000,2750000,0.8623752055339807
1,2710000,2760000,0.7719816597352942
1,2720000,2770000,0.7500526664985163
1,2730000,2780000,0.8011287173579545
1,2740000,2790000,0.8804227788529411
1,2750000,2800000,0.8418506392215569
1,2760000,2810000,0.7861354216027874
1,2770000,2820000,0.9046976415807558
1,2780000,2830000,0.8456934037162162
1,2790000,2840000,0.8286633630573248
1,2800000,2850000,0.9864948085987262
1,2810000,2860000,0.8483294816993465
1,2820000,2870000,0.6329694566308244
1,2830000,2880000,0.48994881187050354
1,2840000,2890000,0.36136658719008263
1,2850000,2900000,0.15513794444444443
1,2860000,2910000,0.3692256195121951
1,2870000,2920000,0.6216137792114697
1,2880000,2930000,0.7705474303125
1,2890000,2940000,0.7682107903846154
1,2900000,2950000,0.864470513814433
1,2910000,2960000,0.9289277203809524
1,2920000,2970000,0.9389413880252101
1,2930000,2980000,0.9939788013452915
1,2940000,2990000,1.0896080126849894
1,2950000,3000000,1.0926341281653746
1,2960000,3010000,1.0224438012987014
1,2970000,3020000,0.950324019079229
1,2980000,3030000,0.9820479849563318
1,2990000,3040000,0.9103625167312348
1,3000000,3050000,0.8105508694052863
1,3010000,3060000,0.7466914654643628
1,3020000,3070000,0.7401018195710455
1,3030000,3080000,0.8189914530864197
1,3040000,3090000,0.8508946292620866
1,3050000,3100000,1.0780200603030303
1,3060000,3110000,1.1669704298392523
1,3070000,3120000,1.074924435886405
1,3080000,3130000,0.7032765524789809
1,3090000,3140000,0.6844253601933774
1,3100000,3150000,0.530382668419178
1,3110000,3160000,0.3990427808988764
1,3120000,3170000,0.3896815188715953
1,3130000,3180000,0.5356743475663717
1,3140000,3190000,0.6081197391050583
1,3150000,3200000,0.596796027579365
1,3160000,3210000,0.43185668356890466
1,3170000,3220000,0.2507889538141026
1,3180000,3230000,-0.020920963462603866
1,3190000,3240000,-0.07356810761160713
1,3200000,3250000,0.08097935514227639
1,3210000,3260000,0.09311991395833334
1,3220000,3270000,-0.20535935093577976
1,3230000,3280000,-0.344203657195946
1,3240000,3290000,-0.49165035582677163
1,3250000,3300000,-0.7403166511656443
1,3260000,3310000,-0.7137075845111492
1,3270000,3320000,-0.6257945687662337
1,3280000,3330000,-0.2723088491871921
1,3290000,3340000,-0.2686313651981352
1,3300000,3350000,-0.3564959881874999
1,3310000,3360000,-0.1529658630023095
1,3320000,3370000,0.16549475739872058
1,3330000,3380000,0.1964479145308925
1,3340000,3390000,0.29950734345238095
1,3350000,3400000,0.7505636868983957
1,3360000,3410000,0.7601584092682928
1,3370000,3420000,0.7929267565531916
1,3380000,3430000,0.8848283625736738
1,3390000,3440000,1.0322421836472604
1,3400000,3450000,1.0513703563350785
1,3410000,3460000,1.1244851313368982
1,3420000,3470000,1.258098780806142
1,3430000,3480000,1.3207640644320298
1,3440000,3490000,1.2548504227659574
1,3450000,3500000,1.1801308291840606
1,3460000,3510000,0.9687499149809886
1,3470000,3520000,0.9295424855483873
1,3480000,3530000,0.8781075556666668
1,3490000,3540000,0.9395714447331787
1,3500000,3550000,0.9852392325653208
1,3510000,3560000,1.1899009297857144
1,3520000,3570000,1.049822808952381
1,3530000,3580000,0.8455395952602592
1,3540000,3590000,0.4910485937937262
1,3550000,3600000,0.37214099993551397
1,3560000,3610000,0.1909871967064632
1,3570000,3620000,0.18590619967968752
1,3580000,3630000,0.18586308870646764
1,3590000,3640000,0.6063289774228675
1,3600000,3650000,0.6370624760878244
1,3610000,3660000,0.7849373140757239
1,3620000,3670000,0.8258895388340807
1,3630000,3680000,0.8739077752659574
1,3640000,3690000,0.4324551106100796
1,3650000,3700000,0.5737832009615385
1,3660000,3710000,0.7747233055226825
1,3670000,3720000,0.8045585799999999
1,3680000,3730000,1.0210524319819818
1,3690000,3740000,1.0243507957290132
1,3700000,3750000,0.9998530577669904
1,3710000,3760000,0.9301592622950818
1,3720000,3770000,0.8961739952141059
1,3730000,3780000,0.4726134770270271
1,3740000,3790000,0.48129360000000004
1,3750000,3800000,-0.0202277131543624
1,3760000,3810000,-0.43709631195238097
1,3770000,3820000,-0.3907696883467742
1,3780000,3830000,-0.2585135771478873
1,3790000,3840000,-0.2561781537568058
1,3800000,3850000,-0.15956971170634918
1,3810000,3860000,0.1128156872389791
1,3820000,3870000,0.21023450824468087
1,3830000,3880000,0.27304055309734515
1,3840000,3890000,0.5132659980446928
1,3850000,3900000,0.7190356560563379
1,3860000,3910000,0.9705100956647399
1,3870000,3920000,0.9707223913279135
1,3880000,3930000,0.9507857308707125
1,3890000,3940000,0.79523003125
1,3900000,3950000,0.7685241138439306
1,3910000,3960000,0.8157101678208954
1,3920000,3970000,0.8952291468181818
1,3930000,3980000,0.8773805428767125
1,3940000,3990000,0.9756525655454547
1,3950000,4000000,0.9365054795378152
1,3960000,4010000,0.9131227021582734
1,3970000,4020000,0.7638464346031746
1,3980000,4030000,0.4253568836203474
1,3990000,4040000,0.4910678253587629
1,4000000,4050000,0.5912593412620819
1,4010000,4060000,0.5887686713394309
1,4020000,4070000,0.6583621331175213
1,4030000,4080000,1.0193614165413534
1,4040000,4090000,1.0771956444089457
1,4050000,4100000,0.9718445183161512
1,4060000,4110000,0.9581320769776119
1,4070000,4120000,0.6204432921359224
1,4080000,4130000,0.22489632091666661
1,4090000,4140000,0.311671853882064
1,4100000,4150000,0.2577877457534246
1,4110000,4160000,0.2070866788029925
1,4120000,4170000,0.08507239632286992
1,4130000,4180000,0.2366167839473684
1,4140000,4190000,0.12838279176470588
1,4150000,4200000,0.37776261536585365
1,4160000,4210000,0.5552337384000001
1,4170000,4220000,0.7955615229327901
1,4180000,4230000,0.48834540992857145
1,4190000,4240000,0.35753978718954244
1,4200000,4250000,0.12676893382214158
1,4210000,4260000,-0.4043013799881188
1,4220000,4270000,-0.6054414942455446
1,4230000,4280000,-0.4017307326666667
1,4240000,4290000,-0.38434098013917534
1,4250000,4300000,-0.40587930895522384
1,4260000,4310000,-0.03552170200626956
1,4270000,4320000,0.41268346488970586
1,4280000,4330000,0.45063760914498147
1,4290000,4340000,0.4666152484039088
1,4300000,4350000,0.3673501213293051
1,4310000,4360000,0.5884167054140127
1,4320000,4370000,0.467692042755418
1,4330000,4380000,0.32757746088435374
1,4340000,4390000,0.21680950999999998
1,4350000,4400000,0.21736185341666664
1,4360000,4410000,0.1379261933891213
1,4370000,4420000,0.2665279400000001
1,4380000,4430000,0.6741556836805555
1,4390000,4440000,0.8320971128671328
1,4400000,4450000,0.9265299486102719
1,4410000,4460000,1.0101345201866667
1,4420000,4470000,1.0430992782327584
1,4430000,4480000,0.6586389135959885
1,4440000,4490000,0.6411313063015464
1,4450000,4500000,0.6237861498233696
1,4460000,4510000,0.30152667062500005
1,4470000,4520000,0.1659897161
1,4480000,4530000,0.31154499333333335
1,4490000,4540000,0.3272765382
1,4500000,4550000,0.3793493013865741
1,4510000,4560000,0.5427125447855362
1,4520000,4570000,0.7377233778184357
1,4530000,4580000,0.8095314429938837
1,4540000,4590000,0.8394345846153846
1,4550000,4600000,0.7065317178571429
1,4560000,4610000,0.7805092162094763
1,4570000,4620000,0.7245520986263736
1,4580000,4630000,0.6497395980337078
1,4590000,4640000,0.3649152072847681
1,4600000,4650000,0.3730043647761194
1,4610000,4660000,0.24851972034883718
1,4620000,4670000,0.1615428871194379
1,4630000,4680000,0.27442891261467894
1,4640000,4690000,0.39507624598253277
1,4650000,4700000,0.5759257623776224
1,4660000,4710000,0.7040865245320196
1,4670000,4720000,0.9877660212295083
1,4680000,4730000,1.0523526385866666
1,4690000,4740000,1.2507411592977526
1,4700000,4750000,1.2290029532415903
1,4710000,4760000,1.0106006459246575
1,4720000,4770000,0.9853016207407408
1,4730000,4780000,1.0093643711191336
1,4740000,4790000,1.2215147417543857
1,4750000,4800000,1.3519244044067797
1,4760000,4810000,1.54042408
1,4770000,4820000,1.5244211984615386
1,4780000,4830000,1.3881025061093246
1,4790000,4840000,1.1962752780141845
1,4800000,4850000,1.0037973807007299
1,4810000,4860000,0.6447062632361111
1,4820000,4870000,0.7542279841495326
1,4830000,4880000,0.8080307764000001
1,4840000,4890000,0.6989997813700788
1,4850000,4900000,0.6899469307692307
1,4860000,4910000,0.8362686052256533
1,4870000,4920000,0.7248249152968036
1,4880000,4930000,0.7467012874396135
1,4890000,4940000,0.863757217471591
1,4900000,4950000,0.8475530602047783
1,4910000,4960000,0.8386479893333333
1,4920000,4970000,1.1392964948198196
1,4930000,4980000,0.9834360786423842
1,4940000,4990000,0.9402113049845201
1,4950000,5000000,0.8703530583165828
1,4960000,5010000,0.9171506602158274
1,4970000,5020000,0.6915072800000001
1,4980000,5030000,0.7453775769647696
1,4990000,5040000,0.7166355542424243
1,5000000,5050000,0.7108866095406361
1,5010000,5060000,0.5536991837209302
1,5020000,5070000,0.7897922331683169
1,5030000,5080000,0.7035619158469945
1,5040000,5090000,0.6932993481865285
1,5050000,5100000,0.6326541741949152
1,5060000,5110000,0.7286289579120879
1,5070000,5120000,0.349780207301038
1,5080000,5130000,0.34131443346385537
1,5090000,5140000,0.42444300769751686
1,5100000,5150000,0.4628386172985782
1,5110000,5160000,0.387478886453202
1,5120000,5170000,0.6232190990074442
1,5130000,5180000,0.6017529938337801
1,5140000,5190000,0.5309262746031747
1,5150000,5200000,0.5364841654822335
1,5160000,5210000,0.4166047421081081
1,5170000,5220000,0.40765123497175143
1,5180000,5230000,0.48973501095000005
1,5190000,5240000,0.5474577042583731
1,5200000,5250000,0.524303903836207
1,5210000,5260000,0.6495250834615385
1,5220000,5270000,0.6992586421455939
1,5230000,5280000,0.7684798102325582
1,5240000,5290000,0.7209819535984849
1,5250000,5300000,0.6821639011904761
1,5260000,5310000,0.7107943104794521
1,5270000,5320000,0.7610255539058172
1,5280000,5330000,0.8134561654965358
1,5290000,5340000,0.96134971210989
1,5300000,5350000,1.0199581226036865
1,5310000,5360000,0.9952586934873949
1,5320000,5370000,0.784475182388664
1,5330000,5380000,0.44819477962616827
1,5340000,5390000,0.27436295628742513
1,5350000,5400000,0.30506100653558055
1,5360000,5410000,0.255808575651341
1,5370000,5420000,0.24648090651416119
1,5380000,5430000,0.6198565213853904
1,5390000,5440000,0.77104954430131
1,5400000,5450000,0.6871615481651376
1,5410000,5460000,0.7916382669082126
1,5420000,5470000,0.8814980743781095
1,5430000,5480000,0.7921888938775511
1,5440000,5490000,0.5946369540084389
1,5450000,5500000,0.6873446354497355
1,5460000,5510000,0.602076592481203
1,5470000,5520000,0.6244467966
1,5480000,5530000,0.8490348320720721
1,5490000,5540000,0.9692786455855859
1,5500000,5550000,1.1103120505747126
1,5510000,5560000,1.0715871603864735
1,5520000,5570000,1.2984539381884062
1,5530000,5580000,1.165065048538682
1,5540000,5590000,1.163110110052356
1,5550000,5600000,1.1953678946022728
1,5560000,5610000,1.3436470230985915
1,5570000,5620000,1.24548705310559
1,5580000,5630000,1.2174026573770491
1,5590000,5640000,1.3138951272493573
1,5600000,5650000,1.1376502695689656
1,5610000,5660000,1.0748796085591399
1,5620000,5670000,0.9766192357847534
1,5630000,5680000,1.0602199636962024
1,5640000,5690000,0.8816863995820893
1,5650000,5700000,1.0972972307547169
1,5660000,5710000,1.0900552413166145
1,5670000,5720000,1.0029938687462687
1,5680000,5730000,0.9199711370684931
1,5690000,5740000,0.6347441519172115
1,5700000,5750000,0.29213925692144377
1,5710000,5760000,-0.04206339724328863
1,5720000,5770000,0.0847495902763578
1,5730000,5780000,0.21471819594108754
1,5740000,5790000,0.1948544163470919
1,5750000,5800000,0.02673796706600001
1,5760000,5810000,0.3997466848137536
1,5770000,5820000,0.22619964821428573
1,5780000,5830000,-0.1754210698198198
1,5790000,5840000,0.1919962104417671
1,5800000,5850000,0.9383977734234236
1,5810000,5860000,0.9369362675925927
1,5820000,5870000,0.8437842962686567
1,5830000,5880000,0.932478252112676
1,5840000,5890000,0.9198309546938775
1,5850000,5900000,0.9904835562790698
1,5860000,5910000,1.0417337865546223
1,5870000,5920000,1.2797718372093023
1,5880000,5930000,1.0990685189591078
1,5890000,5940000,1.1324447391585761
1,5900000,5950000,1.0393082042042041
1,5910000,5960000,1.0425438221635883
1,5920000,5970000,1.002474944591029
1,5930000,5980000,1.0749827208754208
1,5940000,5990000,1.0120696890410958
1,5950000,6000000,1.0805898744827587
1,5960000,6010000,0.9072149953307392
1,5970000,6020000,0.8570558069498069
1,5980000,6030000,0.8739806221402214
1,5990000,6040000,0.9820145968085107
1,6000000,6050000,1.0612770348101266
1,6010000,6060000,1.1269241313664597
1,6020000,6070000,1.2240394408099688
1,6030000,6080000,1.2071502319034852
1,6040000,6090000,0.8515458684596577
1,6050000,6100000,0.5654785370663291
1,6060000,6110000,0.43319585810048783
1,6070000,6120000,0.4923079746232143
1,6080000,6130000,0.40654335969406175
1,6090000,6140000,0.46514335313876537
1,6100000,6150000,0.5797989331937173
1,6110000,6160000,0.6230238246305418
1,6120000,6170000,0.48022561547500003
1,6130000,6180000,0.5237141789104116
1,6140000,6190000,0.6376772392953929
1,6150000,6200000,0.7302583143617022
1,6160000,6210000,1.002345345380435
1,6170000,6220000,1.0781879895710456
1,6180000,6230000,1.0138374935854342
1,6190000,6240000,0.9858670412044817
1,6200000,6250000,0.9683110390178572
1,6210000,6260000,0.9376743638032787
1,6220000,6270000,1.0393779472171254
1,6230000,6280000,1.1754004221487602
1,6240000,6290000,1.1327003725
1,6250000,6300000,1.1588041957177617
1,6260000,6310000,1.1125665391062802
1,6270000,6320000,1.0501259797783933
1,6280000,6330000,0.9737446828571428
1,6290000,6340000,1.0360997343438914
1,6300000,6350000,0.9158808249023863
1,6310000,6360000,0.9541320035108481
1,6320000,6370000,0.9862203338022814
1,6330000,6380000,0.9140986901421803
1,6340000,6390000,0.8212941284102564
1,6350000,6400000,0.8852080015801888
1,6360000,6410000,0.7468725081343284
1,6370000,6420000,0.5734234290384616
1,6380000,6430000,0.5018245831593406
1,6390000,6440000,0.45709494527508093
1,6400000,6450000,0.18083333230088494
1,6410000,6460000,-0.21542581745283018
1,6420000,6470000,-0.056230127118644065
1,6430000,6480000,0.1904132855072463
1,6440000,6490000,0.3566085613003096
1,6450000,6500000,0.5616766767045455
1,6460000,6510000,0.7994545841614907
1,6470000,6520000,0.9753174996784566
1,6480000,6530000,0.877513866972477
1,6490000,6540000,0.5224163084507043
1,6500000,6550000,0.5416334453804348
1,6510000,6560000,0.6121767486979167
1,6520000,6570000,0.5870698753351207
1,6530000,6580000,0.8032804312883436
1,6540000,6590000,1.278015384
1,6550000,6600000,1.1571494606598987
1,6560000,6610000,0.8084967663811563
1,6570000,6620000,0.6889572607924529
1,6580000,6630000,0.6144436306037735
1,6590000,6640000,0.5255849122268909
1,6600000,6650000,0.43374258517326736
1,6610000,6660000,0.6420648978415301
1,6620000,6670000,0.779420479446254
1,6630000,6680000,1.0086528257017544
1,6640000,6690000,0.992498057368421
1,6650000,6700000,0.9522247140000001
1,6660000,6710000,0.7750467635535307
1,6670000,6720000,0.6414922442796609
1,6680000,6730000,0.27997141104033973
1,6690000,6740000,0.3332049506550218
1,6700000,6750000,0.16956598175824175
1,6710000,6760000,0.17515855965292842
1,6720000,6770000,0.21604295456674477
1,6730000,6780000,0.38709108198433423
1,6740000,6790000,0.14609194794952687
1,6750000,6800000,0.12763671938325985
1,6760000,6810000,0.16282542225274726
1,6770000,6820000,-0.03980757275280897
1,6780000,6830000,0.22567968980099506
1,6790000,6840000,0.38796262648305085
1,6800000,6850000,0.5281203173972603
1,6810000,6860000,0.7253239404333334
1,6820000,6870000,0.7972652041830066
1,6830000,6880000,0.6279209811343284
1,6840000,6890000,0.4346361210138888
1,6850000,6900000,0.443445381924612
1,6860000,6910000,0.5535822142063158
1,6870000,6920000,0.6272529786368932
1,6880000,6930000,0.7725041931189592
1,6890000,6940000,0.9856026621739131
1,6900000,6950000,0.9394097013801453
1,6910000,6960000,0.7706295986945813
1,6920000,6970000,0.4597265288967136
1,6930000,6980000,0.08584124641826928
1,6940000,6990000,0.07508737936575054
1,6950000,7000000,-0.04811988509652508
1,6960000,7010000,-0.1665396070498084
1,6970000,7020000,-0.04979859361884368
1,6980000,7030000,0.16760831725961542
1,6990000,7040000,0.25177431186104215
1,7000000,7050000,0.467917166954023
1,7010000,7060000,0.3953898976331361
1,7020000,7070000,-0.046136696049382794
1,7030000,7080000,-0.33700060694736844
1,7040000,7090000,-0.45076178307692316
1,7050000,7100000,-0.3251495385074627
1,7060000,7110000,0.00975066528827037
1,7070000,7120000,0.4810000500382409
1,7080000,7130000,0.834848332467249
1,7090000,7140000,0.8510691809734514
1,7100000,7150000,0.7910046143291141
1,7110000,7160000,0.7740199651076922
1,7120000,7170000,0.6811260807109004
1,7130000,7180000,0.8784818735443038
1,7140000,7190000,1.008267707511737
1,7150000,7200000,1.0423212026200872
1,7160000,7210000,0.7714667315384616
1,7170000,7220000,0.8395291007380074
1,7180000,7230000,0.33128270742187504
1,7190000,7240000,0.2922633121527778
1,7200000,7250000,0.29152260288961035
1,7210000,7260000,0.3651004025566343
1,7220000,7270000,0.3622591075609756
1,7230000,7280000,0.6174578245939086
1,7240000,7290000,0.5886207225313282
1,7250000,7300000,0.6215164238554217
1,7260000,7310000,0.7080047726681129
1,7270000,7320000,0.6589880800469483
1,7280000,7330000,0.6407646395287958
1,7290000,7340000,0.6944385651474531
1,7300000,7350000,0.614355482630273
1,7310000,7360000,0.592778911838791
1,7320000,7370000,0.7687465372031661
1,7330000,7380000,0.7851750860465116
1,7340000,7390000,0.8472813002518892
1,7350000,7400000,1.0511721902077151
1,7360000,7410000,1.3865294114197528
1,7370000,7420000,1.398940638888889
1,7380000,7430000,1.3003643908616187
1,7390000,7440000,1.3637183445402299
1,7400000,7450000,1.2232518776836157
1,7410000,7460000,0.9606281776025237
1,7420000,7470000,0.8358075122580645
1,7430000,7480000,0.7186302034843205
1,7440000,7490000,0.718568004109589
1,7450000,7500000,0.6538525853420196
1,7460000,7510000,0.7638619733333333
1,7470000,7520000,0.857111337326969
1,7480000,7530000,0.6640076375330396
1,7490000,7540000,0.6825553282765958
1,7500000,7550000,0.89444995088
1,7510000,7560000,0.8543290354651163
1,7520000,7570000,0.53866301
1,7530000,7580000,0.7285858325050101
1,7540000,7590000,0.7081938064430894
1,7550000,7600000,0.564314362568421
1,7560000,7610000,0.5584335878004536
1,7570000,7620000,0.969576736369863
1,7580000,7630000,1.0408238504424776
1,7590000,7640000,1.0314707344902387
1,7600000,7650000,1.0800485576470589
1,7610000,7660000,1.0668003605527638
1,7620000,7670000,0.8629287170520231
1,7630000,7680000,0.8375718338764044
1,7640000,7690000,0.8787089377297297
1,7650000,7700000,0.9130322927704486
1,7660000,7710000,0.9582395383797468
1,7670000,7720000,1.08830669565
1,7680000,7730000,0.982940383126551
1,7690000,7740000,0.8973894223118281
1,7700000,7750000,0.7711669619422572
1,7710000,7760000,0.7817316695312501
1,7720000,7770000,0.6941974590489131
1,7730000,7780000,0.7357853142024541
1,7740000,7790000,0.7533503580781759
1,7750000,7800000,0.7405232873538461
1,7760000,7810000,0.6577352202536232
1,7770000,7820000,0.6493348318750001
1,7780000,7830000,0.7394207730143539
1,7790000,7840000,0.7896304144444446
1,7800000,7850000,1.0841222792682925
1,7810000,7860000,0.9059618852071006
1,7820000,7870000,0.806862575
1,7830000,7880000,0.9298071789256199
1,7840000,7890000,1.037677568013468
1,7850000,7900000,1.080931884119318
1,7860000,7910000,1.2093002277285319
1,7870000,7920000,0.7303197881336406
1,7880000,7930000,0.3931884509453782
1,7890000,7940000,0.2518666164488017
1,7900000,7950000,0.07991407071090054
1,7910000,7960000,0.0058317517995444415
1,7920000,7970000,0.35885394806629833
1,7930000,7980000,0.7464732768729643
1,7940000,7990000,0.8120140578014184
1,7950000,8000000,0.7818315818726593
1,7960000,8010000,0.6882852017921147
1,7970000,8020000,0.676783048708487
1,7980000,8030000,0.6215774098591549
1,7990000,8040000,0.6706579779816514
1,8000000,8050000,0.7845722079758307
1,8010000,8060000,1.1049560024822693
1,8020000,8070000,0.9980465984662577
1,8030000,8080000,0.8805850223835616
1,8040000,8090000,0.8462728494162436
1,8050000,8100000,0.7254119126401869
1,8060000,8110000,0.6572583047534517
1,8070000,8120000,0.6762045118875502
1,8080000,8130000,0.6907700560227273
1,8090000,8140000,0.5997293033919596
1,8100000,8150000,0.6571919906
1,8110000,8160000,0.6591791119303797
1,8120000,8170000,0.7481696940794225
1,8130000,8180000,0.6815989006936416
1,8140000,8190000,0.7059230665027324
1,8150000,8200000,0.6426463057142857
1,8160000,8210000,0.5627176889795918
1,8170000,8220000,0.5746934019686801
1,8180000,8230000,0.4847199577777777
1,8190000,8240000,0.37190295869358664
1,8200000,8250000,0.558483991431718
1,8210000,8260000,0.5876835405203621
1,8220000,8270000,0.5453958021549637
1,8230000,8280000,0.6947271181891892
1,8240000,8290000,0.887660388757764
1,8250000,8300000,0.6898163406837609
1,8260000,8310000,0.6102118464948454
1,8270000,8320000,0.5680728563986487
1,8280000,8330000,0.6714743594671533
1,8290000,8340000,0.39923451219815664
1,8300000,8350000,0.4279527342368421
1,8310000,8360000,0.5447344897
1,8320000,8370000,0.48976786231003044
1,8330000,8380000,0.5090537251322752
1,8340000,8390000,0.6050165405750799
1,8350000,8400000,0.5889852774086379
1,8360000,8410000,0.6423042678807948
1,8370000,8420000,0.6906495169491524
1,8380000,8430000,0.567173443715415
1,8390000,8440000,0.6567975253386454
1,8400000,8450000,0.7580685098744769
1,8410000,8460000,0.6201054316190477
1,8420000,8470000,0.6953632185470086
1,8430000,8480000,0.8473274470722434
1,8440000,8490000,0.9537529454487179
1,8450000,8500000,0.9626731950609757
1,8460000,8510000,1.0605485249221185
1,8470000,8520000,1.1425312885964911
1,8480000,8530000,1.1302731006478872
1,8490000,8540000,0.9018536720648967
1,8500000,8550000,0.7759836062466487
1,8510000,8560000,0.5011239340184758
1,8520000,8570000,0.3134183884223301
1,8530000,8580000,0.4102130141509434
1,8540000,8590000,0.5120501710900474
1,8550000,8600000,0.6656908710024451
1,8560000,8610000,0.9741787852219322
1,8570000,8620000,1.0033789148097827
1,8580000,8630000,0.9251149342443731
1,8590000,8640000,0.94074004853211
1,8600000,8650000,0.8500986333226835
1,8610000,8660000,0.6376153479672131
1,8620000,8670000,0.5454038764779875
1,8630000,8680000,0.5452463698235294
1,8640000,8690000,0.4176378398943662
1,8650000,8700000,0.37647938739413683
1,8660000,8710000,0.48655871899022807
1,8670000,8720000,0.7477905914467005
1,8680000,8730000,0.8887879045969499
1,8690000,8740000,0.9557033158286778
1,8700000,8750000,0.9434201423290204
1,8710000,8760000,0.9728791104283055
1,8720000,8770000,0.942309391198257
1,8730000,8780000,0.7798195395652173
1,8740000,8790000,0.7306390128767124
1,8750000,8800000,0.5769274101999999
1,8760000,8810000,0.6855142641311476
1,8770000,8820000,0.8255209863354038
1,8780000,8830000,0.8006241722560976
1,8790000,8840000,0.7347418037429378
1,8800000,8850000,1.1063367242361113
1,8810000,8860000,1.0397565318355857
1,8820000,8870000,0.9989625546573604
1,8830000,8880000,1.080780494863184
1,8840000,8890000,1.0147450483101852
1,8850000,8900000,0.8927540401160095
1,8860000,8910000,0.7744417855528847
1,8870000,8920000,1.0085841796090533
1,8880000,8930000,0.9922632794339622
1,8890000,8940000,1.0984510975345623
1,8900000,8950000,1.0805000860697673
1,8910000,8960000,1.1778947107049607
1,8920000,8970000,0.9304173081871344
1,8930000,8980000,0.8732962608333333
1,8940000,8990000,0.7049238199513382
1,8950000,9000000,0.6571042568797953
1,8960000,9010000,0.7783513974680306
1,8970000,9020000,0.8637335756280193
1,8980000,9030000,0.9069712206651377
1,8990000,9040000,0.9324188204288938
1,9000000,9050000,0.9480146228289474
1,9010000,9060000,0.6794052127555555
1,9020000,9070000,0.4323740384827586
1,9030000,9080000,0.44150727211453744
1,9040000,9090000,0.4716512685990338
1,9050000,9100000,0.3841300213720316
1,9060000,9110000,0.5493688939939939
1,9070000,9120000,0.6811125924460432
1,9080000,9130000,0.689263899521531
1,9090000,9140000,1.1380209144144144
1,9100000,9150000,1.385336988
1,9110000,9160000,1.3877823536082474
1,9120000,9170000,0.9206967530612244
1,9130000,9180000,0.8407699991967871
1,9140000,9190000,0.7770696275728155
1,9150000,9200000,0.688020128
1,9160000,9210000,0.7737250097367425
1,9170000,9220000,1.1082850167253013
1,9180000,9230000,1.4184247754441859
1,9190000,9240000,1.5169873090123762
1,9200000,9250000,1.7128296464435029
1,9210000,9260000,1.622862615384615
1,9220000,9270000,1.6206049896551724
1,9230000,9280000,1.4666234484304932
1,9240000,9290000,1.130538121495327
1,9250000,9300000,1.1814268309649123
1,9260000,9310000,1.0703260393133047
1,9270000,9320000,1.0890542091914894
1,9280000,9330000,0.8307897309363295
1,9290000,9340000,0.8615446288163265
1,9300000,9350000,0.5754628518672199
1,9310000,9360000,0.6201235838095238
1,9320000,9370000,0.6524524446700507
1,9330000,9380000,0.7556323701298702
1,9340000,9390000,0.8216095543352602
1,9350000,9400000,0.81810316852071
1,9360000,9410000,0.6903855478787879
1,9370000,9420000,0.5114667706550218
1,9380000,9430000,0.43879238065420556
1,9390000,9440000,0.3202281084693877
1,9400000,9450000,0.4389797874611399
1,9410000,9460000,0.356886053971564
1,9420000,9470000,0.6335193905917603
1,9430000,9480000,0.7830447492507739
1,9440000,9490000,0.8502276928597015
1,9450000,9500000,0.8347610099824561
1,9460000,9510000,0.9844949554451221
1,9470000,9520000,1.0382564807202799
1,9480000,9530000,0.9139753840378787
1,9490000,9540000,0.8990981917943263
1,9500000,9550000,0.7587451903405573
1,9510000,9560000,0.6888351178977273
1,9520000,9570000,0.8181090458115184
1,9530000,9580000,1.0289956122685184
1,9540000,9590000,1.1256416222083334
1,9550000,9600000,1.3209405722939866
1,9560000,9610000,1.4339048917062636
1,9570000,9620000,1.3017490051115619
1,9580000,9630000,1.1885157798400001
1,9590000,9640000,1.2052223355364806
1,9600000,9650000,1.193074703436853
1,9610000,9660000,1.14916757061674
1,9620000,9670000,1.0844050298245613
1,9630000,9680000,0.9862271664907653
1,9640000,9690000,0.5542517852331607
1,9650000,9700000,0.3810202600826446
1,9660000,9710000,0.2651756127049179
1,9670000,9720000,0.2914024403846153
1,9680000,9730000,0.37148449181547616
1,9690000,9740000,0.7789238264784947
1,9700000,9750000,0.7666580397698208
1,9710000,9760000,0.9492860802227724
1,9720000,9770000,0.917852097833698
1,9730000,9780000,0.8608940770940171
1,9740000,9790000,0.7534638147826086
1,9750000,9800000,0.7087945144180523
1,9760000,9810000,0.6091471901590908
1,9770000,9820000,0.6540561285900783
1,9780000,9830000,0.753414687244582
1,9790000,9840000,0.7639415366233766
1,9800000,9850000,0.9184158965975104
1,9810000,9860000,0.9683359490909091
1,9820000,9870000,0.70532155314554
1,9830000,9880000,0.4964755218987342
1,9840000,9890000,0.40422157837121214
1,9850000,9900000,0.24404563817391306
1,9860000,9910000,0.254060107617866
1,9870000,9920000,0.2329651228431373
1,9880000,9930000,0.2693988092558984
1,9890000,9940000,0.3201128766830871
1,9900000,9950000,0.7425034881518151
1,9910000,9960000,0.6967733713175674
1,9920000,9970000,0.7429963352014651
1,9930000,9980000,0.8033668175468482
1,9940000,9990000,0.9754279592319055
1,9950000,10000000,0.6808728785234899
1,9960000,10010000,0.7082067765699208
1,9970000,10020000,0.7882204161608392
1,9980000,10030000,0.7708653314862806
1,9990000,10040000,0.5476815731227107
1,10000000,10050000,0.621222866178414
1,10010000,10060000,0.5989888465949368
1,10020000,10070000,0.603287455616798
1,10030000,10080000,0.601160604035533
1,10040000,10090000,0.6493127015384615
1,10050000,10100000,0.5695864103448276
1,10060000,10110000,0.6107234752100841
1,10070000,10120000,0.5794650010077519
1,10080000,10130000,0.48252323854452056
1,10090000,10140000,0.5140031077097902
1,10100000,10150000,0.545521998911439
1,10110000,10160000,0.5553565480293501
1,10120000,10170000,0.6448044055069125
1,10130000,10180000,0.6778872455376344
1,10140000,10190000,0.4664691265775401
1,10150000,10200000,0.3657838818282548
1,10160000,10210000,0.39533595863325743
1,10170000,10220000,0.40113375836099585
1,10180000,10230000,0.5599637093554687
1,10190000,10240000,0.7450717949156117
1,10200000,10250000,0.878472625962877
1,10210000,10260000,0.9474454986563381
1,10220000,10270000,0.9435440592232704
1,10230000,10280000,1.0130395834861539
1,10240000,10290000,0.9361531074631902
1,10250000,10300000,0.9284744013573668
1,10260000,10310000,0.9768331378082192
1,10270000,10320000,0.7498995775119617
1,10280000,10330000,0.4504344865102639
1,10290000,10340000,0.4759355932748539
1,10300000,10350000,0.5138153297235024
1,10310000,10360000,0.4544743469107552
1,10320000,10370000,0.7303097128078818
1,10330000,10380000,1.054887024874372
1,10340000,10390000,1.180357224365482
1,10350000,10400000,1.3596322920245398
1,10360000,10410000,1.5399432570063694
1,10370000,10420000,1.4425232108802817
1,10380000,10430000,1.466306386360947
1,10390000,10440000,1.538022524973404
1,10400000,10450000,1.677851615694761
1,10410000,10460000,1.6965387017336686
1,10420000,10470000,1.758491048463357
1,10430000,10480000,1.7298243945454546
1,10440000,10490000,1.0242988742788461
1,10450000,10500000,0.5143989631720429
1,10460000,10510000,0.537521010591133
1,10470000,10520000,0.38478081834374994
1,10480000,10530000,0.24247169167282318
1,10490000,10540000,0.7293189312918033
1,10500000,10550000,0.960785487257485
1,10510000,10560000,0.8041474251970075
1,10520000,10570000,0.9116479960898877
1,10530000,10580000,0.9437712094186047
1,10540000,10590000,0.9395515405914971
1,10550000,10600000,0.9682562630460922
1,10560000,10610000,1.151446843918919
1,10570000,10620000,1.2199285199084668
1,10580000,10630000,1.1817363736607143
1,10590000,10640000,1.1464853032258062
1,10600000,10650000,1.1761632837362637
1,10610000,10660000,1.0961517431137726
1,10620000,10670000,1.0338809275
1,10630000,10680000,1.0446881285185183
1,10640000,10690000,0.8293680140597539
1,10650000,10700000,0.8838797443925234
1,10660000,10710000,0.9209375901041668
1,10670000,10720000,0.8727349216157206
1,10680000,10730000,0.8787156063013698
1,10690000,10740000,0.6265340312977098
1,10700000,10750000,-0.14350950180412378
1,10710000,10760000,-0.10666986635514021
1,10720000,10770000,0.22470582004158005
1,10730000,10780000,0.34022833583174006
1,10740000,10790000,0.7587028915668202
1,10750000,10800000,1.2730840863243245
1,10760000,10810000,0.7639884643701799
1,10770000,10820000,0.0781938287564767
1,10780000,10830000,-0.47818782207792204
1,10790000,10840000,-0.8916823960334028
1,10800000,10850000,-0.9938529382189242
1,10810000,10860000,-1.029235926226013
1,10820000,10870000,-1.0901887167785236
1,10830000,10880000,-1.1037032995475113
1,10840000,10890000,-1.2207410077956988
1,10850000,10900000,-1.451612853295129
1,10860000,10910000,-1.485269809485095
1,10870000,10920000,-1.436745673700306
1,10880000,10930000,-1.317203052668919
1,10890000,10940000,-0.8289716774806201
1,10900000,10950000,-0.15212195190476183
1,10910000,10960000,0.27342512012552306
1,10920000,10970000,0.3246914609663865
1,10930000,10980000,0.4542568739495798
1,10940000,10990000,0.6228233168032787
1,10950000,11000000,0.9175410340650407
1,10960000,11010000,1.0632336068103447
1,10970000,11020000,0.8161649414440433
1,10980000,11030000,0.7458765855172415
1,10990000,11040000,0.5450567942036553
1,11000000,11050000,0.48661207154255326
1,11010000,11060000,0.6643458036697248
1,11020000,11070000,0.7952564567567567
1,11030000,11080000,0.6748558668213457
1,11040000,11090000,0.41500254766584765
1,11050000,11100000,-0.28708791174311926
1,11060000,11110000,-0.6212817394339623
1,11070000,11120000,-0.6413687079847908
1,11080000,11130000,-0.6670257238396624
1,11090000,11140000,-0.5343657188596491
1,11100000,11150000,0.16091375744680853
1,11110000,11160000,0.2368923121405751
1,11120000,11170000,-0.12863705265822786
1,11130000,11180000,-0.047180659904534586
1,11140000,11190000,0.22235905908898304
1,11150000,11200000,0.3205587233723196
1,11160000,11210000,0.2296465315700935
1,11170000,11220000,0.6233692576989246
1,11180000,11230000,0.6736340392970521
1,11190000,11240000,0.5735512120476189
1,11200000,11250000,0.4789736722325581
1,11210000,11260000,0.6760947650105263
1,11220000,11270000,0.5887326302083333
1,11230000,11280000,0.5177737051500789
1,11240000,11290000,0.5547770905015673
1,11250000,11300000,0.6497416741353382
1,11260000,11310000,0.7556237258737865
1,11270000,11320000,0.8775205356238361
1,11280000,11330000,1.1264988052173912
1,11290000,11340000,1.2188244611803278
1,11300000,11350000,1.2915713552327746
1,11310000,11360000,1.429745173047619
1,11320000,11370000,1.4923159358727274
1,11330000,11380000,1.4679722095116774
1,11340000,11390000,1.4505394347679326
1,11350000,11400000,1.3396860318677044
1,11360000,11410000,1.1463901974955908
1,11370000,11420000,1.0909918134920635
1,11380000,11430000,1.0395236765151514
1,11390000,11440000,0.9385055315789476
1,11400000,11450000,0.8131236768817205
1,11410000,11460000,0.8713601855656696
1,11420000,11470000,0.8880975976995942
1,11430000,11480000,0.9683313889192886
1,11440000,11490000,1.0477964980152672
1,11450000,11500000,1.193069495115894
1,11460000,11510000,1.194124955267857
1,11470000,11520000,1.0787976296167248
1,11480000,11530000,1.1167543190243903
1,11490000,11540000,1.0945308887133551
1,11500000,11550000,1.1692302031675874
1,11510000,11560000,1.1001822799999998
1,11520000,11570000,1.1122932644509804
1,11530000,11580000,0.9243364809943715
1,11540000,11590000,0.8298247044303798
1,11550000,11600000,0.7835319310625909
1,11560000,11610000,0.8655253365667576
1,11570000,11620000,0.930397023883117
1,11580000,11630000,0.9719158660875705
1,11590000,11640000,1.0796909918370607
1,11600000,11650000,1.1441941686026937
1,11610000,11660000,1.1184028585084034
1,11620000,11670000,1.1040470572139303
1,11630000,11680000,1.1234809977528089
1,11640000,11690000,1.0202925216763008
1,11650000,11700000,1.1959840152173913
1,11660000,11710000,1.295559775377129
1,11670000,11720000,1.0466646579084968
1,11680000,11730000,0.5079072029044118
1,11690000,11740000,0.6194861234666666
1,11700000,11750000,0.4245929604585538
1,11710000,11760000,0.17964213299856535
1,11720000,11770000,0.3020828252413793
1,11730000,11780000,0.701968002872777
1,11740000,11790000,0.7756154034210527
1,11750000,11800000,0.8621978607442978
1,11760000,11810000,1.1959197184811827
1,11770000,11820000,1.2806291301178205
1,11780000,11830000,1.2772503803497615
1,11790000,11840000,1.2842444527911274
1,11800000,11850000,1.3982186593088552
1,11810000,11860000,1.4778191090931374
1,11820000,11870000,1.2764563433875338
1,11830000,11880000,1.2129970312149534
1,11840000,11890000,1.0178745615635179
1,11850000,11900000,0.7161961345821325
1,11860000,11910000,0.4380902231325301
1,11870000,11920000,0.5412594972111554
1,11880000,11930000,0.593225880472103
1,11890000,11940000,0.5976565718244803
1,11900000,11950000,0.6175491278378379
1,11910000,11960000,0.7499593055555555
1,11920000,11970000,0.9886133668341709
1,11930000,11980000,1.0405038277056278
1,11940000,11990000,1.0388850842794761
1,11950000,12000000,0.9866810627659572
1,11960000,12010000,0.7692313078475336
1,11970000,12020000,0.3733893419642857
1,11980000,12030000,0.3042864128246754
1,11990000,12040000,0.23104088805104406
1,12000000,12050000,0.2268184711615245
1,12010000,12060000,0.3302913984848485
1,12020000,12070000,0.516650856374808
1,12030000,12080000,0.5421669615133532
1,12040000,12090000,0.6051763634295415
1,12050000,12100000,0.7292017638445807
1,12060000,12110000,0.8260292846134664
1,12070000,12120000,0.6833630361961722
1,12080000,12130000,0.7473516703072627
1,12090000,12140000,0.7918371923824452
1,12100000,12150000,0.7910828703296704
1,12110000,12160000,0.7271359825396826
1,12120000,12170000,0.9197018989361702
1,12130000,12180000,0.8353556962616823
1,12140000,12190000,0.7418703847826087
1,12150000,12200000,0.6339398673076924
1,12160000,12210000,0.6323844635135135
1,12170000,12220000,0.537297512542373
1,12180000,12230000,0.36171654221453287
1,12190000,12240000,0.550194562056962
1,12200000,12250000,0.8249982883286907
1,12210000,12260000,0.8153061524514563
1,12220000,12270000,0.7314835006199999
1,12230000,12280000,1.0396570151162792
1,12240000,12290000,1.3135516352727274
1,12250000,12300000,1.3554760587459806
1,12260000,12310000,1.4983676928106509
1,12270000,12320000,1.7131577717222222
1,12280000,12330000,1.5915609399719495
1,12290000,12340000,1.140739771071953
1,12300000,12350000,1.1215200715686273
1,12310000,12360000,0.8409260782700422
1,12320000,12370000,0.7478186827332243
1,12330000,12380000,0.7411691837711069
1,12340000,12390000,1.1607600372863247
1,12350000,12400000,0.85043808828125
1,12360000,12410000,0.972490587631579
1,12370000,12420000,0.5284131011820331
1,12380000,12430000,0.46546336498905905
1,12390000,12440000,0.39907349013157895
1,12400000,12450000,0.5129730781572481
1,12410000,12460000,0.5577553089347825
1,12420000,12470000,0.8394187278640777
1,12430000,12480000,0.7773157948784722
1,12440000,12490000,0.7609969517096248
1,12450000,12500000,0.665398843951145
1,12460000,12510000,0.6891160979305994
1,12470000,12520000,0.6948795474869889
1,12480000,12530000,0.7509781775821501
1,12490000,12540000,0.7351790980353634
1,12500000,12550000,0.8898442103519669
1,12510000,12560000,0.8449708029411764
1,12520000,12570000,0.7682737310869565
1,12530000,12580000,0.7512205784232364
1,12540000,12590000,0.673974860251046
1,12550000,12600000,0.8610698919132149
1,12560000,12610000,0.8659504381338743
1,12570000,12620000,0.851645318813906
1,12580000,12630000,1.082027686462882
1,12590000,12640000,1.3390023407317073
1,12600000,12650000,1.271103854516129
1,12610000,12660000,1.4824234311827955
1,12620000,12670000,1.6311573781609194
1,12630000,12680000,1.3311249442857145
1,12640000,12690000,1.0989007543518519
1,12650000,12700000,0.840331129244552
1,12660000,12710000,0.629118668473251
1,12670000,12720000,0.613721540235495
1,12680000,12730000,0.5128678460661479
1,12690000,12740000,0.43335752238297875
1,12700000,12750000,0.5139641256559766
1,12710000,12760000,0.6406456329153605
1,12720000,12770000,0.48355394806451607
1,12730000,12780000,0.2704555449527897
1,12740000,12790000,0.2974727849394435
1,12750000,12800000,0.37459982951506027
1,12760000,12810000,0.4532842848413598
1,12770000,12820000,0.5128642851268759
1,12780000,12830000,0.7535985109722223
1,12790000,12840000,0.9504350453109244
1,12800000,12850000,0.9656933011934902
1,12810000,12860000,1.0239708299807324
1,12820000,12870000,1.1854951651670378
1,12830000,12880000,1.2977508891891891
1,12840000,12890000,1.4008752593896714
1,12850000,12900000,1.4404801667514677
1,12860000,12910000,1.4179088984838162
1,12870000,12920000,1.3077998789465877
1,12880000,12930000,1.2612213630464482
1,12890000,12940000,1.0018857472891565
1,12900000,12950000,0.8144843322087378
1,12910000,12960000,0.7542001732027971
1,12920000,12970000,0.7510316442495785
1,12930000,12980000,0.6819242317892645
1,12940000,12990000,0.8762666296541787
1,12950000,13000000,1.200719180137741
1,12960000,13010000,1.3245945888169643
1,12970000,13020000,1.354607947390438
1,12980000,13030000,1.3117277885057472
1,12990000,13040000,1.329845857937807
1,13000000,13050000,1.281084729776248
1,13010000,13060000,1.165673938976378
1,13020000,13070000,0.919389620980392
1,13030000,13080000,0.7989154609433962
1,13040000,13090000,0.7603808189440995
1,13050000,13100000,0.7187183452681387
1,13060000,13110000,0.6916014983779527
1,13070000,13120000,0.9300670389756097
1,13080000,13130000,1.1984351192192693
1,13090000,13140000,1.4543599782793524
1,13100000,13150000,1.5504141106387224
1,13110000,13160000,1.5767289308875738
1,13120000,13170000,1.510166322142857
1,13130000,13180000,1.3138334843527204
1,13140000,13190000,1.1826551683400808
1,13150000,13200000,1.2536722787418655
1,13160000,13210000,1.212587067299578
1,13170000,13220000,1.2202167009195404
1,13180000,13230000,1.3268079774647887
1,13190000,13240000,1.4055228767213115
1,13200000,13250000,1.4063553134722222
1,13210000,13260000,1.4564726863728814
1,13220000,13270000,1.0259599876839236
1,13230000,13280000,0.9338486608970976
1,13240000,13290000,0.7337457913888888
